{"cameraMode":{"drawMode":0,"name":"Shaded","section":"Shading Mode"},"sceneLighting":true,"audioPlay":false,"sceneViewState":{"m_AlwaysRefresh":false,"showFog":true,"showSkybox":true,"showFlares":true,"showImageEffects":true,"showParticleSystems":true,"showVisualEffectGraphs":true,"m_FxEnabled":true},"in2DMode":false,"pivot":{"x":1427.6480712890625,"y":427.60931396484377,"z":1.9957022666931153},"rotation":{"x":0.30600014328956606,"y":-0.0858355164527893,"z":0.027699120342731477,"w":0.9477264881134033},"size":763.3777465820313,"orthographic":false}