{"cameraMode":{"drawMode":0,"name":"Shaded","section":"Shading Mode"},"sceneLighting":false,"audioPlay":false,"sceneViewState":{"m_AlwaysRefresh":false,"showFog":true,"showSkybox":false,"showFlares":true,"showImageEffects":true,"showParticleSystems":true,"showVisualEffectGraphs":true,"m_FxEnabled":true},"in2DMode":false,"pivot":{"x":13.749972343444825,"y":2.963146209716797,"z":13.308347702026368},"rotation":{"x":0.30600014328956606,"y":-0.0858355164527893,"z":0.027699120342731477,"w":0.9477264881134033},"size":0.8660253882408142,"orthographic":false}